[
    {
        "name": "Python",
        "price": "1600000",
        "teacher": {
            "name": "Eminem",
            "phone_number": "998",
            "experience": "3",
            "profession": "Coding",
            "age": "25"
        }
    },
    {
        "name": "Banking",
        "price": "1500000",
        "teacher": {
            "name": "Tom Odell",
            "phone_number": "999",
            "experience": "6",
            "profession": "Banking",
            "age": "30"
        }
    },
    {
        "name": "Java",
        "price": "1400000",
        "teacher": {
            "name": "Macan",
            "phone_number": "994",
            "experience": "2",
            "profession": "Java developer",
            "age": "26"
        }
    }
]